"companies_ID","companies_name","companies_site","companies_slug","companies_othername","companies_contact","companies_closed"
"1","3M","https://www.3mireland.ie/3M/en_IE/company-uk/","3m",NULL,NULL,NULL
"2","A&L Goodbody (excluding equity partners)","https://www.algoodbody.com/","algoodbody",NULL,NULL,NULL
"3","AA","https://www.theaa.ie/","aa",NULL,NULL,NULL
"4","Abbott Ireland (all legal entities)","https://www.ie.abbott/homepage.html","abbott",NULL,"webmaster@abbott.com",NULL
"5","AbbVie Sligo","https://www.abbvie.ie/","abbviesligo",NULL,NULL,NULL
"6","AbbVie Westport (Allergan)","https://www.abbvie.ie/","abbviewestport","Allergan",NULL,NULL
"7","ABP Food Group: ABP Ireland","https://www.abpireland.com/","abp",NULL,"pressqueries@abpfoodgroup.com",NULL
"8","ABP Food Group: C&D Foods","https://cdfoods.com/","cdfoods",NULL,NULL,NULL
"9","ABP Food Group: Irish Country Meats","https://irishcountrymeats.com/","irishcountrymeats",NULL,"careers@irishcountrymeats.com",NULL
"10","Abtran","https://www.abtran.com/","abtran",NULL,"info@abtran.com",NULL
"11","Accenture","https://www.accenture.com/ie-en","accenture",NULL,NULL,NULL
"12","Actavo","https://actavo.com/","actavo",NULL,"info@actavo.com",NULL
"13","Aer Lingus (all legal entities)","https://www.aerlingus.com/html/en-US/home.html","aerlingus",NULL,"askus@aerlingus.com",NULL
"14","AerCap","https://www.aercap.com/","aercap",NULL,"contact@aercap.com",NULL
"15","AIB","https://aib.ie/","aib",NULL,"Louise.y.kelly@aib.ie",NULL
"16","AIG (both legal entities)","https://www.aig.ie/","aig",NULL,"postmaster.ie@aig.com",NULL
"17","Airbnb Ireland UC","https://www.airbnb.ie/","airbnb",NULL,"press-ie@airbnb.com",NULL
"18","Alcon Ireland","https://www.alcon.com/","alcon",NULL,NULL,NULL
"19","ALDI Ireland","https://www.aldi.ie/","aldi",NULL,"Recruitment@aldi.ie",NULL
"20","Alliance Medical","https://www.alliancemedical.ie/","alliancemedical",NULL,NULL,NULL
"21","Allianz Ireland","https://www.allianz.ie/","allianz",NULL,NULL,NULL
"22","Amazon Data Services Ireland Ltd","https://www.amazon.co.uk/","amazondsi",NULL,NULL,NULL
"23","Amazon Development Centre Ireland Ltd ","https://www.amazon.co.uk/","amazondci",NULL,NULL,NULL
"24","Amazon Ireland Support Services Ltd ","https://www.amazon.co.uk/","amazonssi",NULL,NULL,NULL
"25","Amundi Ireland","https://www.amundi.ie/retail","amundi",NULL,NULL,NULL
"26","An Garda Síochána: Garda Members","https://garda.ie/en/","gardamembers",NULL,"pressoffice@garda.ie",NULL
"27","An Garda Síochána: Garda Staff","https://garda.ie/en/","gardastaff",NULL,"pressoffice@garda.ie",NULL
"28","An Post","https://www.anpost.com/","anpost",NULL,"Pressoffice@anpost.ie",NULL
"29","Aon Ireland (all legal entities)","https://www.aon.com/ireland/default.jsp","aon",NULL,"requests@aon.ie",NULL
"30","Apple Ireland (all legal entities)","https://www.apple.com/ie/","apple",NULL,"contactus.ie@euro.apple.com",NULL
"31","Applegreen","https://applegreenstores.com/","applegreen",NULL,"info@applegreen.ie, applegreen@sweartaker.ie",NULL
"32","Applus Car Testing Services Ltd. (Fortnightly) ","https://www.applus.com/global/en/","appluscartestingf",NULL,"hugh.odonnell@applus.com",NULL
"33","Applus Car Testing Services Ltd. (Monthly)","https://www.applus.com/global/en/","appluscartestingm",NULL,"hugh.odonnell@applus.com",NULL
"34","Applus Inspection Services Ltd. Ireland (Fortnightly)","https://www.applus.com/global/en/","appluscarinspectionf",NULL,"hugh.odonnell@applus.com",NULL
"35","Applus Inspection Services Ltd. Ireland (Monthly)","https://www.applus.com/global/en/","appluscarinspectionm",NULL,"hugh.odonnell@applus.com",NULL
"36","Arachas","https://www.arachas.ie/","arachas",NULL,"insure@arachas.ie",NULL
"37","Aramark: Avoca Handweavers Shops Limited","https://www.avoca.com/en","avoca",NULL,"noss-erin@aramark.com",NULL
"38","Aramark: Campbell Catering Limited","https://northerneurope.aramark.com/ie/home","campbellcatering",NULL,"noss-erin@aramark.com",NULL
"39","Aramark: Vector Workplace and Facility Management Limited","https://northerneurope.aramark.com/ie/home","vector",NULL,"noss-erin@aramark.com",NULL
"40","Ardmac","https://www.ardmac.com/","ardmac",NULL,"info@ardmac.com",NULL
"41","Arrabawn","https://arrabawn.ie/","arrabawn",NULL,"info@arrabawn.ie",NULL
"42","Arthur Cox (including partners)","https://www.arthurcox.com/","arthurcox",NULL,"mail@arthurcox.com",NULL
"43","Arup","https://www.arup.com/","arup",NULL,"europe-press@arup.com",NULL
"44","ARYZTA Food Solutions Ireland","https://aryzta.ie/","aryztafsi",NULL,"info@aryzta.com",NULL
"45","Astellas Ireland (all legal entities)","https://www.astellas.com/ie","astellas",NULL,NULL,NULL
"46","Autodesk","https://www.autodesk.eu/","autodesk",NULL,"deborah.reid@autodesk.com",NULL
"47","Aurivo Co-operative Society Ltd","https://www.aurivo.ie/","aurivocoop",NULL,"info@aurivo.ie",NULL
"48","Avaya","https://www.avaya.com/en/","avaya",NULL,"ighorayeb@avaya.com",NULL
"49","Aviva","https://www.aviva.ie/","aviva",NULL,"anne.mathews@aviva.com, brian.oneill1@aviva.com",NULL
"50","AWS EMEA SARL (Irish Branch)","https://aws.amazon.com/?nc2=h_lg","awsemeasarl",NULL,NULL,NULL
"51","BAM Ireland: Building","https://www.bamireland.ie/","bamirelandbuilding",NULL,"IE_info@bam.com",NULL
"52","BAM Ireland: Civil","https://www.bamireland.ie/","bamirelandcivil",NULL,"IE_info@bam.com",NULL
"53","Bank of America","https://www.bankofamerica.com/","bankofamerica",NULL,NULL,NULL
"54","Bank of Ireland (exluding subsidiaries)","https://www.bankofireland.com/","bankofireland",NULL,"contactus@boi.com",NULL
"55","Barclays Bank Ireland Plc","https://privatebank.barclays.com/","barclaysbank",NULL,"dublincustomerservice@barclays.com",NULL
"56","Baxter Healthcare Ireland","https://www.baxterhealthcare.ie/","baxterhealthcare",NULL,"Compton_reception@baxter.com",NULL
"57","BDO Ireland","https://www.bdo.ie/","bdo",NULL,"info@bdo.ie",NULL
"58","Beckman Coulter Ireland Inc","https://www.beckman.com/contact-us/ireland","beckmancoulter",NULL,NULL,NULL
"59","Becton Dickinson Research Centre Ireland Limited","https://www.bd.com/en-eu/","bectondickinson",NULL,"BDUK_customerservice@bd.com",NULL
"60","Becton Dickinson: ClearStream Technologies Limited","https://www.bd.com/en-eu/","clearstreamtechnologies",NULL,NULL,NULL
"61","Bidvest Noonan","https://bidvestnoonan.ie/","bidvestnoonan",NULL,NULL,NULL
"62","BioMarin","https://www.biomarin.com/","biomarin",NULL,"media@bmrn.com",NULL
"63","Blackrock Clinic","https://www.blackrockhealth.com/","blackrockclinic",NULL,NULL,NULL
"64","BMS (BMS Ireland)","https://www.bms.com/ie","bms",NULL,NULL,NULL
"65","BMS (Swords Laboratories Ireland)","https://www.bms.com/ie","swordslaboratories",NULL,NULL,NULL
"66","BNY Mellon: Fund Services DAC","https://www.bnymellon.com/ie/en.html","bnymellonfundservices",NULL,NULL,NULL
"67","BNY Mellon: SA/NV Dublin Branch","https://www.bnymellon.com/ie/en.html","bnymellonsanv",NULL,NULL,NULL
"68","Boliden Tara Mines","https://www.boliden.com/operations/mines/boliden-tara","bolidentaramines",NULL,"info@boliden.com",NULL
"69","Bord Gais Energy","https://www.bordgaisenergy.ie/","bordgaisenergy",NULL,"info@bordgais.ie, customercare@bordgais.ie",NULL
"70","Bord na Mona","https://www.bordnamona.ie/","bordnamona",NULL,"bordnamona@teneo.com",NULL
"71","Boston Scientific","https://www.bostonscientific.com/en-EU/home.html","bostonscientific",NULL,"customerservice.uk@bsci.com",NULL
"72","Britvic Ireland","http://www.britvic.com/","britvic",NULL,"pressoffice@britvic.com",NULL
"73","Brown Thomas Arnotts","https://www.arnotts.ie/store/","brownthomasarnotts",NULL,"onlinecustomerservices@brownthomas.ie",NULL
"74","BT Communications Ireland Ltd","https://www.btireland.com/","bt",NULL,"nicole.chesser@bt.com, priscilla.oregan@bt.com",NULL
"75","BWG Foods","https://www.bwg.ie/","bwgfoods",NULL,"info@bwg.ie",NULL
"76","C&C Group Plc (all legal entities)","https://candcgroupplc.com/","ccgroup",NULL,"Consumer.Relations@candcgroup.ie",NULL
"77","Cairn Homes","https://www.cairnhomes.com/","cairnhomes",NULL,"customercare@cairnhomes.com",NULL
"78","Canada Life Group Services","https://www.canadalife.com/","canadalife",NULL,NULL,NULL
"79","Carbery","https://www.carbery.com/","carbery",NULL,"enquires@carbery.com",NULL
"80","Carlow County Council","https://www.carlow.ie/","carlowcoco",NULL,"corporate@carlowcoco.ie, media@carlowcoco.ie",NULL
"81","CarTrawler","https://corporate.cartrawler.com/en-gb/","cartrawler",NULL,"webmaster@cartrawler.com",NULL
"82","Cavan County Council","https://www.cavancoco.ie/","cavancoco",NULL,"info@cavancoco.ie",NULL
"83","Center Parcs Ireland","https://www.centerparcs.ie/","centerparcs",NULL,NULL,NULL
"84","Central Bank of Ireland","https://www.centralbank.ie/","centralbankofireland",NULL,"enquiries@centralbank.ie",NULL
"85","Central Statistics Office (CSO)","https://www.cso.ie/en/index.html","cso",NULL,"information@cso.ie",NULL
"86","Chadwicks Group","https://chadwicksgroup.ie/","chadwicksgroup",NULL,"customercare@chadwicks.ie",NULL
"87","Chief State Solicitors Office","https://www.attorneygeneral.ie/csso/english/index.htm","csso",NULL,"contact@csso.gov.ie",NULL
"88","Children's Health Ireland","https://www.childrenshealthireland.ie/","childrenshealthireland",NULL,"press.office@childrenshealthireland.ie",NULL
"89","CRH: Roadstone","https://roadstone.ie/","crhroadstone",NULL,"info@roadstone.ie",NULL
"90","Circle K","https://www.circlek.ie/","circlek",NULL,NULL,NULL
"91","Cisco","https://www.cisco.com/","cisco",NULL,NULL,NULL
"92","Citco Fund Services (Ireland) Limited","https://www.citco.com/","citco",NULL,"citco-ireland@citco.com",NULL
"93","Citibank Europe Plc Ireland (CEP Ireland)","https://www.citigroup.com/global/about-us/global-presence/ireland","citibank",NULL,NULL,NULL
"94","Clare County Council","https://www.clarecoco.ie/","clarecoco",NULL,"customerservices@clarecoco.ie",NULL
"95","Coca Cola Ireland","https://www.coca-cola.com/ie/en","cocacola",NULL,"gbmedia@coca-cola.com",NULL
"96","Cognizant","https://www.cognizant.com/uk/en","cognizant",NULL,"inquiry@cognizant.com",NULL
"97","Coillte","https://www.coillte.ie/","coillte",NULL,"info@coillte.ie",NULL
"98","Compass Ireland","https://www.compass-group.ie/","compassireland",NULL,NULL,NULL
"99","Concern","https://www.concern.net/","concern",NULL,"info@concern.net",NULL
"100","Cook Medical","https://www.cookmedical.eu/","cookmedical",NULL,"EMEAenquiry@CookMedical.com",NULL
"101","Cork City Council","https://www.corkcity.ie/en/","corkcitycouncil",NULL,"foi@corkcity.ie",NULL
"102","Cork County Council","https://www.corkcoco.ie/en","corkcoco",NULL,"customercare@corkcoco.ie",NULL
"103","Corrib Oil","https://corriboil.com/","corriboil",NULL,"info@corriboil.com",NULL
"104","CPL:  Computer Placement Limited","https://www.cpl.com/ie","cpl",NULL,"info@cpl.ie",NULL
"105","CPL:  Flexible Talent Workforce","https://www.cpl.com/ie","cplftw",NULL,"info@cpl.ie",NULL
"106","Creganna Medical Ireland Limited","https://www.te.com/usa-en/products/brands/creganna.html","creganna",NULL,NULL,NULL
"107","CRH: CRH Group Services Limited","https://www.crh.com/","crhgroupservices",NULL,NULL,NULL
"108","CRH: Irish Cement","https://www.irishcement.ie/","crhirishcement",NULL,"nfo@irishcement.ie",NULL
"109","Currys Ireland Ltd","https://www.currys.ie/","currys",NULL,"customer.services@currys.ie",NULL
"110","daa (Dublin Airport Authority)","https://www.daa.ie/","daa",NULL,"info@dublinairport.com",NULL
"111","Dairygold","https://www.dairygold.ie/","dairygold",NULL,"info@dairygold.ie",NULL
"112","Dalata Hotel Group","https://dalatahotelgroup.com/","dalata",NULL,"%20info@dalatahotelgroup.com",NULL
"113","Danone Ireland","https://www.danone.ie/","danone",NULL,NULL,NULL
"114","Davy","https://www.davy.ie/","davy",NULL,NULL,NULL
"115","Dell Technologies Ireland: Dell Products","https://www.dell.com/en-ie","dellproducts",NULL,NULL,NULL
"116","Dell Technologies Ireland: EMC International ","https://www.dell.com/en-ie","emcinternational",NULL,NULL,NULL
"117","Deloitte Ireland (excluding partners)","https://www2.deloitte.com/ie/en.html","deloitte",NULL,"info@deloitte.ie",NULL
"118","Dental Care Ireland","https://www.dentalcareireland.ie/","dentalcareireland",NULL,"info@dentalcareireland.ie",NULL
"119","Department of Agriculture, Food & Marine","https://www.gov.ie/en/organisation/department-of-agriculture-food-and-the-marine/","deptagrifoodmarine",NULL,"info@agriculture.gov.ie",NULL
"120","Department of Education","https://www.gov.ie/en/organisation/department-of-education/","depteducation",NULL,"info@education.gov.ie",NULL
"121","Department of Enterprise, Trade and Employment","https://enterprise.gov.ie/en/","deptenterprise",NULL,"info@enterprise.gov.ie",NULL
"122","Department of Finance","https://www.gov.ie/en/organisation/department-of-finance/","deptfinance",NULL,"webmaster@finance.gov.ie",NULL
"123","Department of Foreign Affairs","https://www.dfa.ie/","deptforeignaffairs",NULL,"press.office@dfa.ie",NULL
"124","Department of Health","https://www.gov.ie/en/organisation/department-of-health/","depthealth",NULL,"customerservices@health.gov.ie, ministers_office@health.gov.ie",NULL
"125","Department of Housing, Local Government and Heritage","https://www.gov.ie/en/organisation/department-of-housing-local-government-and-heritage/","depthousingheritage",NULL,"qcsofficer@housing.gov.ie, press@housing.gov.ie, minister@housing.gov.ie, John.McGee@housing.gov.ie",NULL
"126","Department of Justice and the
Probation Service: Probation Service","https://www.gov.ie/en/organisation/department-of-justice/","dojprobationservice",NULL,"psinfo@probation.ie",NULL
"127","Department of Justice and the
Probation Service: the Department","https://www.gov.ie/en/organisation/department-of-justice/","doj",NULL,"pressoffice@justice.ie, info@justice.ie",NULL
"128","Department of Public Expenditure and Reform","https://www.gov.ie/en/organisation/department-of-public-expenditure-and-reform/","deptpublicexpenditure",NULL,"pressoffice@per.gov.ie, Minister@per.gov.ie",NULL
"129","Department of Social Protection","https://www.gov.ie/en/organisation/department-of-social-protection/","deasp",NULL,"info@welfare.ie",NULL
"130","Department of the Environment, Climate and Communications","https://www.gov.ie/en/organisation/department-of-the-environment-climate-and-communications/","deptenvironment",NULL,"customer.service@decc.gov.ie",NULL
"131","Department of the Taoiseach","https://www.gov.ie/en/organisation/department-of-the-taoiseach/","depttaoiseach",NULL,"taoiseach@taoiseach.gov.ie, press.office@taoiseach.gov.ie, webmaster@taoiseach.gov.ie",NULL
"132","Department of Tourism, Culture, Arts, Gaeltacht, Sport and Media","https://www.gov.ie/en/organisation/department-of-tourism-culture-arts-gaeltacht-sport-and-media/","depttourism",NULL,"press.office@tcagsm.gov.ie, ministers.office@tcagsm.gov.ie",NULL
"133","Department of Transport","https://www.gov.ie/en/organisation/department-of-transport/","depttransport",NULL,"info@transport.gov.ie",NULL
"134","Depaul","https://ie.depaulcharity.org/","depaul",NULL,"depaul@depaulcharity.net",NULL
"135","DHL Express Ireland","https://www.dhl.com/ie-en/home.html","dhl",NULL,NULL,NULL
"136","Diageo Republic of Ireland","https://www.diageo.com/en","diageo",NULL,NULL,NULL
"137","Donegal County Council","https://www.donegalcoco.ie/","donegalcoco",NULL,"info@donegalcoco.ie",NULL
"138","Doyle Collection","https://www.doylecollection.com/","doylecollection",NULL,NULL,NULL
"139","Arcadis (DPS Group Global)","https://www.dpsgroupglobal.com/","arcadisdpsgroup","DPS Group",NULL,NULL
"140","Dublin and Dun Laoghaire Education
and Training Board","https://www.ddletb.ie/home-page-new/","ddletb",NULL,"info@ddletb.ie, webmaster@ddletb.ie",NULL
"141","Dublin Bus","https://www.dublinbus.ie/home","dublinbus",NULL,"customercomment@dublinbus.ie",NULL
"142","Dublin Business School","https://www.dbs.ie/","dublinbusinessschool",NULL,"careerservices@dbs.ie",NULL
"143","Dublin City Council","https://www.dublincity.ie/residential","dublincitycouncil",NULL,"customerservices@dublincity.ie",NULL
"144","Dún Laoghaire-Rathdown County Council","http://www.dlrcoco.ie/","dlrcoco",NULL,"info@dlrcoco.ie",NULL
"145","Dundalk Institute of Technology","https://www.dkit.ie/","dundalkit",NULL,"info@dkit.ie",NULL
"146","Dunnes Stores","https://www.dunnesstores.com/","dunnesstores",NULL,NULL,NULL
"147","EA Ireland Ltd","https://www.ea.com/","ea",NULL,"info@eaireland.com",NULL
"148","Eason & Son","https://www.easons.com/","easons",NULL,"support@easons.com",NULL
"149","eBay","http://www.ebay.ie/","ebay",NULL,NULL,NULL
"150","Eir","https://www.eir.ie/","eir",NULL,NULL,NULL
"151","EirGrid","https://www.eirgrid.ie/","eirgrid",NULL,"info@eirgrid.com",NULL
"152","Elavon","https://www.elavon.ie/","elavon",NULL,NULL,NULL
"153","Eli Lilly: Cork","https://www.lilly.com/","elilillycork",NULL,"UKMedInfo@Lilly.com",NULL
"154","Eli Lilly: Kinsale","https://www.lilly.com/","elilillykinsale",NULL,"UKMedInfo@Lilly.com",NULL
"155","Embecta Ireland","https://www.embecta.com/","embecta",NULL,"customercare_UKI@embecta.com",NULL
"156","Enterprise Ireland","https://www.enterprise-ireland.com/en/","enterpriseireland",NULL,"Oireachtas@enterprise-ireland.com",NULL
"157","Enterprise Rent-A-Car","https://www.enterprise.ie/en/home.html","enterpriserentacar",NULL,NULL,NULL
"158","Ericsson Ireland","https://www.ericsson.com/en","ericsson",NULL,"press.inquiries@ericsson.com",NULL
"159","ESB","https://esb.ie/","esb",NULL,"corporatecommunications@esb.ie",NULL
"160","ESW (eShopWorld)","https://esw.com/","esw",NULL,"global@eshopworld.com",NULL
"161","Expleo Technology Ireland","https://expleo.com/global/en/","expleo",NULL,NULL,NULL
"162","EY Ireland (excluding partners)","https://www.ey.com/en_ie","ey",NULL,NULL,NULL
"163","Failte Ireland","https://www.failteireland.ie/","failte",NULL,"CustomerSupport@failteireland.ie",NULL
"164","Family Carers Ireland","https://familycarers.ie/","familycarersireland",NULL,"careline@familycarers.ie",NULL
"165","FBD","https://www.fbd.ie/","fbd",NULL,"info@fbd.ie",NULL
"166","Fenergo Limited","https://www.fenergo.com/","fenergolimited",NULL,"marketing@fenergo.com, support@fenergo.com",NULL
"167","Fidelity International","https://www.fidelityinternational.com/","fidelityinternational",NULL,NULL,NULL
"168","Fidelity Investments Ireland (both legal entities)","https://www.fidelityinvestments.ie/","fidelityinvestments",NULL,NULL,NULL
"169","FINEOS Ireland","https://www.fineos.com/","fineos",NULL,NULL,NULL
"170","Fingal County Council","https://www.fingal.ie/","fingalcoco",NULL,"customercareunit@fingal.ie",NULL
"171","First Derivatives (FD Technologies)","https://fdtechnologies.com/","fdtechnologies","FD Technologies",NULL,NULL
"172","Fiserv Ireland","https://www.fiserv.com/en.html","fiserv",NULL,NULL,NULL
"173","Fisheries Ireland","https://www.fisheriesireland.ie/","fisheriesireland",NULL,"info@fisheriesireland.ie",NULL
"174","Flutter (Head Office)","https://www.flutter.com/","flutterheadoffice",NULL,"corporatecomms@flutter.com",NULL
"175","Focus Ireland","https://www.focusireland.ie/","focusireland",NULL,"help@focusireland.ie",NULL
"176","Foróige","https://www.foroige.ie/","foroige",NULL,"info@foroige.ie",NULL
"177","Freshways Food Company","https://freshwaysfoodco.ie/","freshwaysfoodcompany",NULL,"sales@freshways.ie",NULL
"178","Galco Group","https://galco.ie/","galcogroup",NULL,"dublin@galco.ie",NULL
"179","Galway City Council","https://www.galwaycity.ie/","galwaycitycouncil",NULL,"customerservice@galwaycity.ie",NULL
"180","Galway Clinic","https://www.blackrockhealth.com/","galwayclinic",NULL,NULL,NULL
"181","Galway County Council","https://www.galway.ie/en/","galwaycoco",NULL,"customerservices@galwaycoco.ie",NULL
"182","Gas Networks Ireland","https://www.gasnetworks.ie/","gasnetworksireland",NULL,"networksinfo@gasnetworks.ie",NULL
"183","GE Healthcare Ireland","https://www.gehealthcare.co.uk/","gehealthcare",NULL,NULL,NULL
"184","General Motors IT Services (Ireland) Ltd","https://www.gm.com/","generalmotors",NULL,NULL,NULL
"185","Glanbia","https://www.glanbia.com/","glanbia",NULL,NULL,NULL
"186","Glen Dimplex Heating & Ventilation","https://www.glendimplex.com/en-ie","glendimplex",NULL,NULL,NULL
"187","Glenveagh","https://glenveagh.ie/","glenveagh",NULL,"enquiries@glenveagh.ie",NULL
"188","Global Shares","https://www.globalshares.com/ie/","globalshares",NULL,NULL,NULL
"189","Go-Ahead Ireland","https://www.goaheadireland.ie/","goaheadireland",NULL,"customercomment@goaheadireland.ie",NULL
"190","Goodbody Stockbrokers","https://www.goodbody.ie/","goodbodystockbrokers",NULL,"support@goodbody.ie",NULL
"191","Google Cloud EMEA Limited","https://cloud.google.com/","googlecloud",NULL,NULL,NULL
"192","Google Ireland Limited","https://about.google/","google",NULL,NULL,NULL
"193","Grant Thornton (excluding partners)","https://www.grantthornton.ie/","grantthornton",NULL,"info@ie.gt.com",NULL
"194","Grosvenor Services","https://grosvenorservices.com/","grosvenorservices",NULL,"askhr@grosvenorservices.com",NULL
"195","H&M Hennes & Mauritz (Ireland) Limited","https://www2.hm.com/en_ie/index.html","handm",NULL,"customerservice.ie@hm.com",NULL
"196","Haleon (all legal entities)","https://www.haleon.com/","haleon",NULL,NULL,NULL
"197","Harry Corry Interiors","https://www.harrycorry.com/","harrycorry",NULL,"enquiries@harrycorry.com",NULL
"198","Hays Specialist Recruitment Ireland Limited","https://www.hays.ie/","hays",NULL,"customerserviceireland@hays.com",NULL
"199","Health Products Regulatory Authority (HPRA)","https://www.hpra.ie/","hpra",NULL,"info@hpra.ie",NULL
"200","Health Service Executive (HSE)","https://www.hse.ie/","hse",NULL,NULL,NULL
"201","Heat Merchants Group","https://www.heatmerchants.ie/","heatmerchantsgroup",NULL,"enquiries@heatmerchants.ie",NULL
"202","HedgeServ Ireland","https://www.hedgeserv.com/","hedgeserv",NULL,"info@hedgeserv.com",NULL
"203","Heineken Ireland","https://www.heinekenireland.ie/","heineken",NULL,"info@heineken.ie",NULL
"204","Henry J Lyons","https://henryjlyons.com/","henryjlyons",NULL,"info@henryjlyons.com",NULL
"205","Hermitage Clinic","https://www.blackrockhealth.com/","hermitageclinic",NULL,NULL,NULL
"206","Hewlett Packard - HP Galway","https://www.hp.com/ie-en/home.html","hpgalway",NULL,NULL,NULL
"207","Hewlett Packard - HPE","https://www.hp.com/ie-en/home.html","hpe",NULL,NULL,NULL
"208","Health Information and Quality Authority (HIQA)","https://www.hiqa.ie/","hiqa",NULL,"info@hiqa.ie",NULL
"209","Horse Racing Ireland","https://www.hri.ie/","horseracingireland",NULL,"info@hri.ie",NULL
"210","Houses of the Oireachtas Service","https://www.oireachtas.ie/","housesoireachtas",NULL,"info@oireachtas.ie",NULL
"211","HSBC Ireland (both legal entities)","https://www.hsbc.ie/","hsbc",NULL,NULL,NULL
"212","HubSpot","https://www.hubspot.com/","hubspot",NULL,NULL,NULL
"213","IADT","https://iadt.ie/","iadt",NULL,"info@iadt.ie",NULL
"214","Iarnród Éireann (Irish Rail)","https://www.irishrail.ie/","iarnrodeireann","Irish Rail","customercare@irishrail.ie",NULL
"215","Ibec","https://www.ibec.ie/","ibec",NULL,"info@ibec.ie",NULL
"216","IBM","https://www.ibm.com/uk-en","ibm",NULL,"ibmenquire@ie.ibm.com",NULL
"217","ICON Clinical Research Limited (Ireland)","https://www.iconplc.com/","icon",NULL,NULL,NULL
"218","IDA Ireland","https://www.idaireland.com/","ida",NULL,"idaireland@ida.ie",NULL
"219","IKEA Ireland","https://www.ikea.com/ie/en/","ikea",NULL,NULL,NULL
"220","Indeed Ireland Operations Ltd","https://ie.indeed.com/about","indeed",NULL,NULL,NULL
"221","Infosys BPM","https://www.infosysbpm.com/","infosysbpm",NULL,NULL,NULL
"222","Intel Ireland (Overall)","https://www.intel.ie/content/www/ie/en/company-overview/intel-in-ireland.html","intelall",NULL,NULL,NULL
"223","IQVIA RDS Ireland Limited","https://www.iqvia.com/","iqvia",NULL,NULL,NULL
"224","Irish Aviation Authority (IAA)","https://www.iaa.ie/","iaa",NULL,NULL,NULL
"225","Irish Cancer Society","https://www.cancer.ie/","irishcancersociety",NULL,"info@irishcancer.ie",NULL
"226","Irish Distillers ","https://www.irishdistillers.ie/","irishdistillers",NULL,"info@irishdistillers.ie",NULL
"227","Irish Life Group (all legal entities)","https://www.irishlife.ie/","irishlifegroup",NULL,"customerservice@irishlife.ie",NULL
"228","Irish Prison Service: Civilian Grades","https://www.irishprisons.ie/","ipscivilian",NULL,"info@irishprisons.ie",NULL
"229","Irish Prison Service: Prison Grades","https://www.irishprisons.ie/","ipsprison",NULL,"info@irishprisons.ie",NULL
"230","Uisce Éireann (Irish Water)","https://www.water.ie/","irishwater","Irish Water","customerservice@water.ie",NULL
"231","Irish Wheelchair Association","https://www.iwa.ie/","irishwheelchairassociation",NULL,"info@iwa.ie",NULL
"232","ISS Facility Services Ireland","https://www.issworld.com/en-ie","issfacility",NULL,"sales@ie.issworld.com",NULL
"233","Jabil Ireland","https://www.jabil.com/","jabil",NULL,NULL,NULL
"234","Jacobs","https://www.jacobs.com/","jacobs",NULL,NULL,NULL
"235","JD Sports Fashion","https://www.jdsports.ie/","jdsports",NULL,NULL,NULL
"236","JLL Ireland","https://www.jll.ie/","jll",NULL,NULL,NULL
"237","John Paul Construction","https://www.johnpaul.ie/","johnpaulconstruction",NULL,"info@johnpaul.ie",NULL
"238","John Sisk and Son","https://www.johnsiskandson.com/","johnsiskandson",NULL,"T.Byrne@sisk.ie",NULL
"239","JPMSE Dublin Branch","https://www.jpmorgan.com/global","jpmsedublin",NULL,NULL,NULL
"240","KBC Bank Ireland","https://www.kbc.com/en/kbc-ireland.html","kbcbank",NULL,NULL,"2024"
"241","Kellanova (Kellogg Europe Trading Limited)","https://www.kellanova.com/us/en/home.html","kellanova",NULL,NULL,NULL
"242","Kelly Services (IRE) Limited","https://www.kellyservices.ie/","kellyservices",NULL,"info@kellyservices.ie",NULL
"243","Kerry County Council","https://www.kerrycoco.ie/","kerrycoco",NULL,"info@kerrycoco.ie",NULL
"244","Kerry Group","https://www.kerry.com/","kerrygroup",NULL,"emeakerrycentre@kerry.com",NULL
"245","Keywords International Ltd. (Dublin Studio)","https://www.keywordsstudios.com/en/","keywordsinternational",NULL,NULL,NULL
"246","Kildare County Council","https://kildarecoco.ie/","kildarecoco",NULL,"customerservice@kildarecoco.ie",NULL
"247","Kilkenny County Council","https://www.kilkennycoco.ie/","kilkennycoco",NULL,"info@kilkennycoco.ie",NULL
"248","Kilsaran Concrete","https://www.kilsaran.ie/","kilsaranconcrete",NULL,"info@kilsaran.ie",NULL
"249","Kingspan Limited","https://www.kingspan.com/ie/en/","kingspan",NULL,NULL,NULL
"250","KPMG (excluding partners)","https://kpmg.com/ie/en/home.html","kpmg",NULL,"info@kpmg.ie",NULL
"251","Kyte Powertech Limited","https://www.kytepowertech.com/","kytepowertech",NULL,NULL,NULL
"252","L'Oreal","https://www.loreal.com/en/uki/","loreal",NULL,"UKconsumeradvice@loreal.com",NULL
"253","Lakeland Dairies","https://lakelanddairies.com/","lakelanddairies",NULL,"info@lakelanddairies.com",NULL
"254","Laois County Council","https://laois.ie/","laoiscoco",NULL,"corpaffairs@laoiscoco.ie",NULL
"255","Laya Healthcare","https://www.layahealthcare.ie/","layahealthcare",NULL,"info@layahealthcare.ie",NULL
"256","Legal Aid Board","https://www.legalaidboard.ie/","legalaidboard",NULL,"info@legalaidboard.ie",NULL
"257","Leitrim County Council","https://www.leitrimcoco.ie/","leitrimcoco",NULL,"customerservices@leitrimcoco.ie",NULL
"258","Lidl","https://www.lidl.ie/","lidl",NULL,"pr@lidl.ie",NULL
"259","Limerick City & County Council","https://www.limerick.ie/council","limerickcitycoco",NULL,"customerservices@limerick.ie",NULL
"260","Linesight","https://www.linesight.com/","linesight",NULL,NULL,NULL
"261","Longford County Council","https://www.longfordcoco.ie/","longfordcoco",NULL,"customerservices@longfordcoco.ie",NULL
"262","Louth County Council","https://www.louthcoco.ie/","louthcoco",NULL,"info@louthcoco.ie",NULL
"263","M&S Ireland","https://www.marksandspencer.com/ie/","mands",NULL,NULL,NULL
"264","Magna International Autolaunch Ireland Limited","https://www.magna.com/","magna",NULL,NULL,NULL
"265","Marsh Employee Benefits Ltd","https://www.marsh.com/ie/home.html","marshemployeebenefits",NULL,NULL,NULL
"266","Mary Immaculate College","https://www.mic.ul.ie/","maryimmaculatecollege",NULL,NULL,NULL
"267","Mason, Hayes & Curran (incl. partners)","https://www.mhc.ie/","masonhayescurran",NULL,"dublin@mhc.ie",NULL
"268","Mastercard Ireland","https://www.mastercard.ie/en-ie.html","mastercard",NULL,NULL,NULL
"269","Matheson: Matheson LLP (including partners)","https://www.matheson.com/","mathesonllp",NULL,"dublin@matheson.com",NULL
"270","Matheson: Support Services (including partners)","https://www.matheson.com/about-us/matheson-in-house-network","mathesonsupportservices",NULL,"dublin@matheson.com",NULL
"271","Maynooth University","https://www.maynoothuniversity.ie/","maynoothuniversity",NULL,"web@mu.ie, communications@mu.ie",NULL
"272","Mayo County Council","https://www.mayo.ie/","mayococo",NULL,"info@mayo.ie",NULL
"273","McCann Fitzgerald (excluding partners)","https://www.mccannfitzgerald.com/","mccannfitzgerald",NULL,"inquiries@mccannfitzgerald.com",NULL
"274","McKesson Ireland (acquired by Phoenix Group)","https://mckessoncork.ie/","mckesson",NULL,"receptionirl@mckesson.com",NULL
"275","Meath County Council","https://www.meath.ie/","meathcoco",NULL,"customerservice@meathcoco.ie",NULL
"276","Mediahuis Ireland","https://www.mediahuis.ie/","mediahuis",NULL,"info@mediahuis.ie",NULL
"277","Medtronic","https://www.medtronic.com/en-ie/our-company/medtronic-ireland.html","medtronic",NULL,NULL,NULL
"278","Merck Millipore","https://www.merckmillipore.com/IE/en","merckmillipore",NULL,"eoin.weldon@merckgroup.com, IEcustomerservice@millipore.com",NULL
"279","Mercury Ireland UC (Mercury Engineering)","https://www.mercuryeng.com/","mercuryeng",NULL,"info@mercuryeng.com",NULL
"280","Mercy University Hospital","https://www.muh.ie/","mercyuniversityhospital",NULL,"ovanlaren@muh.ie",NULL
"281","Merit Medical Ireland","https://www.merit.com/","meritmedical",NULL,NULL,NULL
"282","Meta Ireland (all legal entities)","https://about.meta.com/","meta",NULL,NULL,NULL
"283","Microsoft (both legal entities)","https://www.microsoft.com/en-ie","microsoft",NULL,NULL,NULL
"284","ABM (formerly Momentum Support)","https://abmireland.com/","abm","Momentum Support",NULL,NULL
"285","Monaghan County Council","https://monaghan.ie/","monaghancoco",NULL,"info@monaghancoco.ie",NULL
"286","MSD","https://msd-ireland.com/","msd",NULL,"info@msd.ie",NULL
"287","MUFG Investor Services Ireland","https://www.mufg-investorservices.com/","mufg",NULL,NULL,NULL
"288","Munster Technological University (MTU)","https://www.mtu.ie/","mtu",NULL,"infoCork@mtu.ie,infoKerry@mtu.ie",NULL
"289","Musgrave: Cedarglade","https://www.musgravegroup.com/","musgravecedarglade",NULL,"group@musgrave.ie",NULL
"290","Musgrave: Musgrave Limited","https://www.musgravegroup.com/","musgravelimited",NULL,"group@musgrave.ie",NULL
"291","Musgrave: Musgrave Operating Partners Ireland (MOPI) ","https://www.musgravegroup.com/","mopi",NULL,"group@musgrave.ie",NULL
"292","Nandos","https://www.nandos.ie/","nandos",NULL,NULL,NULL
"293","National Co-operative Farm Relief Services Limited (FRS Network)","https://www.frsnetwork.ie/frs-network/","frscoop",NULL,NULL,NULL
"294","National College of Ireland","https://www.ncirl.ie/","ncirl",NULL,"info@ncirl.ie",NULL
"295","National Shared Services Office","https://nsso.gov.ie/","nsso",NULL,"hrcontact@nsso.gov.ie",NULL
"296","National Transport Authority","https://www.nationaltransport.ie/","nta",NULL,"info@nationaltransport.ie",NULL
"297","National Treasury Management Agency (NTMA)","https://www.ntma.ie/","ntma",NULL,"info@ntma.ie",NULL
"298","Vision Ireland (formerly NCBI National Council for the Blind of Ireland)","https://vi.ie/","visionireland","NCBI","communications@vi.ie",NULL
"299","New Ireland Assurance","https://www.newireland.ie/","newirelandassurance",NULL,"info@newireland.ie",NULL
"300","Northern Trust","https://www.northerntrust.com/europe/home","northerntrust",NULL,"info@ntrs.com",NULL
"301","Novartis: Novartis Ireland Limited","https://www.novartis.com/","novartis",NULL,"info.dublin@novartis.com",NULL
"302","Novartis: Novartis Ringaskiddy Limited","https://www.novartis.com/","novartisringaskiddy",NULL,"info.dublin@novartis.com",NULL
"303","Nua Healthcare Services","https://www.nuahealthcare.ie/","nuahealthcare",NULL,"info@nuahealthcare.ie",NULL
"304","Offaly County Council","https://www.offaly.ie/","offalycoco",NULL,"customerservices@offalycoco.ie",NULL
"305","Office of Public Works: Established Staff","https://www.gov.ie/en/organisation/office-of-public-works/","opwestablishedstaff",NULL,"info@opw.ie",NULL
"306","Office of Public Works: State industrial Staff","https://www.gov.ie/en/organisation/office-of-public-works/","opwstateindustrialstaff",NULL,"info@opw.ie",NULL
"307","Ornua Co-operative Ltd","https://www.ornua.com/","ornua",NULL,"Consumerfoods.Europe@ornua.com",NULL
"308","Orwell Healthcare","https://orwellhealthcare.ie/","orwellhealthcare",NULL,"info@orwellhealthcare.ie",NULL
"309","Our Lady's Hospice and Care Services","https://olh.ie/","ourladyshospice",NULL,"info@olh.ie",NULL
"310","Paypal","https://www.paypal.com/ie/home","paypal",NULL,"enquiry@paypal.com",NULL
"311","Pepper","https://www.pepper-advantage.ie/","pepper",NULL,"comms@peppergroup.ie",NULL
"312","PTSB (Permanent TSB)","https://www.ptsb.ie/","ptsb",NULL,NULL,NULL
"313","Peter Mark","https://www.petermark.ie/","petermark",NULL,"enquiries@petermark.ie",NULL
"314","Pfizer Ireland (all legal entities)","https://www.pfizer.ie/","pfizer",NULL,"mediaqueriesireland@pfizer.com",NULL
"315","PJ Hegarty & Sons","https://www.pjhegarty.ie/","pjhegartysons",NULL,"pjhdublin@pjhegarty.ie",NULL
"316","PM Group","https://www.pmgroup-global.com/","pmgroup",NULL,NULL,NULL
"317","PrepayPower Limited","https://www.prepaypower.ie/","prepaypower",NULL,NULL,NULL
"318","PricewaterhouseCoopers (PwC)","https://www.pwc.ie/","pwc",NULL,"info@pwc.ie",NULL
"319","Primark (Penneys)","https://www.primark.com/en-ie","primark",NULL,NULL,NULL
"320","Tailte Éireann (formerly Property Registration Authority)","https://www.tailte.ie/","tailteeireann","Property Registration Authority","customer.services@tailte.ie",NULL
"321","Public Appointments Service (PAS)","https://www.publicjobs.ie/en/","pas",NULL,"info@publicjobs.ie",NULL
"322","Regeneron","https://www.regeneron.ie/","regeneron",NULL,"Info.Ireland@regeneron.com",NULL
"323","Rehab","https://rehab.ie/","rehab",NULL,"info@rehab.ie",NULL
"324","Respond","https://www.respond.ie/","respond",NULL,"info@respond.ie",NULL
"325","Rexel: Kellihers Electrical","https://www.rexel.com/","rexelkellihers",NULL,"web@rexel.ie",NULL
"326","River Island","https://www.riverisland.com/ie","riverisland",NULL,NULL,NULL
"327","Roscommon County Council","https://www.roscommoncoco.ie/","roscommoncoco",NULL,"info@roscommoncoco.ie",NULL
"328","Royal Victoria Eye and Ear Hospital","https://www.rveeh.ie/","royalvictoriaeyeandear",NULL,"QualityandSafety@rveeh.ie",NULL
"329","RPS Group Limited","https://www.rpsgroup.com/","rpsgroup",NULL,"websiteteam@rpsgroup.com",NULL
"330","RSA (Road Safety Authority)","https://www.rsa.ie/","rsa",NULL,"info@rsa.ie",NULL
"331","RSA Insurance Ireland (DAC)","https://www.rsagroup.ie/","rsainsurance",NULL,"info@ie.rsagroup.com",NULL
"332","RTE","https://www.rte.ie/","rte",NULL,"info@rte.ie",NULL
"333","Ryanair","https://www.ryanair.com/ie/en","ryanair",NULL,"customerqueries@ryanair.com",NULL
"334","Salesforce Ireland","https://www.salesforce.com/","salesforce",NULL,NULL,NULL
"335","Sanofi: Genzyme Ireland Ltd","https://www.sanofi.ie/","sanofigenzyme",NULL,"IEinformation@sanofi.com",NULL
"336","SAP Landscapes","https://saplandscapes.ie/","saplandscapes",NULL,"mail@saplandscapes.ie",NULL
"337","SAP: Business Objects Software Limited","https://www.sap.com/uk/about/company/office-locations/ireland.html","sapbobj",NULL,NULL,NULL
"338","SAP: SAP Service and Support Centre (Ireland) Limited","https://www.sap.com/uk/about/company/office-locations/ireland.html","sapssc",NULL,NULL,NULL
"339","Savills Ireland","https://www.savills.ie/","savills",NULL,NULL,NULL
"340","Screwfix Republic of Ireland","https://www.screwfix.ie/","screwfix",NULL,NULL,NULL
"341","Sherry Fiztgerald","https://www.sherryfitz.ie/","sherryfiztgerald",NULL,"info@sherryfitz.ie",NULL
"342","SIPTU","https://www.siptu.ie/","siptu",NULL,"info@siptu.ie",NULL
"343","Sky","https://www.sky.com/ie","sky",NULL,"mysky@sky.ie",NULL
"344","Sligo County Council","https://www.sligococo.ie/","sligococo",NULL,"info@sligococo.ie",NULL
"345","Smurfit Kappa","https://www.smurfitkappa.com/ie","smurfitkappa",NULL,NULL,NULL
"346","Smyths Toys","https://www.smythstoys.com/ie/en-ie","smythstoys",NULL,"cshelpdesk@smythstoys.com",NULL
"347","Society of St. Vincent de Paul","https://www.svp.ie/","svp",NULL,"info@svp.ie",NULL
"348","Sodexo","https://ie.sodexo.com/home.html","sodexo",NULL,"press.office@sodexo.com",NULL
"349","South Dublin County Council","https://www.sdcc.ie/en/","southdublincoco",NULL,"info@sdublincoco.ie",NULL
"350","South East Technological University","https://www.setu.ie/","setu",NULL,"info@setu.ie",NULL
"351","SSE Airtricity","https://www.sseairtricity.com/ie/home/","sseairtricity",NULL,NULL,NULL
"352","St James's Hospital","https://www.stjames.ie/","stjameshospital",NULL,"humanresources@stjames.ie",NULL
"353","Stripe","https://stripe.com/en-ie","stripe",NULL,"heretohelp@stripe.com",NULL
"354","Stryker","https://www.stryker.com/index.html","stryker",NULL,NULL,NULL
"355","Sun Life","https://www.sunlife.ie/en/","sunlife",NULL,NULL,NULL
"356","Sysco Ireland","https://syscoireland.com/","sysco",NULL,NULL,NULL
"357","Takeda","https://www.takeda.com/","takeda",NULL,"UKandIEComms@takeda.com",NULL
"358","Tayto Snacks","https://taytosnacks.ie/","taytosnacks",NULL,NULL,NULL
"359","TCS (Tata Consulting Services)","https://www.tcs.com/","tcs",NULL,NULL,NULL
"360","Teagasc","https://www.teagasc.ie/","teagasc",NULL,"info@teagasc.ie",NULL
"361","Technological University Dublin","https://tudublin.ie/","tudublin",NULL,"hello@tudublin.ie",NULL
"362","Technological University of the Shannon (TUS)","https://tus.ie/","tushannon",NULL,"reception.midlands@tus.ie, reception.midwest@tus.ie",NULL
"363","Tesco Ireland","https://www.tesco.ie/","tesco",NULL,"press.office_ROI@tesco.com",NULL
"364","The Coombe Hospital","https://www.coombe.ie/","thecoombe",NULL,"hr@coombe.ie",NULL
"365","The Defence Organisation: Civil Servant Employees","https://www.gov.ie/en/organisation/department-of-defence/","defenceorgcivilservant",NULL,"info@defence.ie",NULL
"366","The Defence Organisation: Civilian Employees","https://www.gov.ie/en/organisation/department-of-defence/","defenceorgcivilian",NULL,"info@defence.ie",NULL
"367","The Defence Organisation: Defense Forces","https://www.gov.ie/en/organisation/department-of-defence/","defenceorgdefenseforces",NULL,"info@defence.ie",NULL
"368","Department of Children, Equality, Disability, Integration and Youth","https://www.gov.ie/en/organisation/department-of-children-equality-disability-integration-and-youth/","deptchildrenequality",NULL,"contact@equality.gov.ie, minister@equality.gov.ie",NULL
"369","The Environmental Protection Agency","https://www.epa.ie/","epa",NULL,"info@epa.ie",NULL
"370","The Irish Times","https://www.irishtimes.com/","theirishtimes",NULL,"hrdept@irishtimes.com, enquiries@irishtimes.com",NULL
"371","The Revenue Commissioners","https://www.revenue.ie/","revenuecommissioners",NULL,NULL,NULL
"372","TikTok","https://www.tiktok.com/en/","tiktok",NULL,NULL,NULL
"373","Tipperary County Council","https://www.tipperarycoco.ie/","tipperarycoco",NULL,"customerservices@tipperarycoco.ie",NULL
"374","Tirlán (formerly Glanbia Ireland)","https://www.tirlan.com/","tirlan","Glanbia Ireland",NULL,NULL
"375","TJX Ireland","https://www.tjx.com/businesses/europe/tkmaxx","tjx",NULL,"customerservice@tjxeurope.com",NULL
"376","Top Oil","https://www.top.ie/","topoil",NULL,NULL,NULL
"377","Transport Infrastructure Ireland (TII)","https://www.tii.ie/","tii",NULL,"info@tii.ie",NULL
"378","Trend Micro","https://www.trendmicro.com/en_ie/business.html","trendmicro",NULL,NULL,NULL
"379","Trinity College Dublin","https://www.tcd.ie/","tcd",NULL,"ANTOINETTE.QUINN@tcd.ie",NULL
"380","Tusla Child and Family Agency","https://www.tusla.ie/","tusla",NULL,"info@tusla.ie",NULL
"381","Twitter Ireland","https://twitter.com/?lang=en","twitter",NULL,NULL,NULL
"382","Uniphar: Hickey's Pharmacy Group Limited","https://www.uniphar.ie/","unipharhickeys",NULL,"info@uniphar.ie",NULL
"383","Uniphar: Medtech (formerly SISK Healthcare)","https://www.unipharmedtech.com/","unipharmedtech","SISK Healthcare","info@uniphar.ie",NULL
"384","Uniphar: Uniphar Wholesale Limited","https://www.uniphar.ie/","unipharwholesale",NULL,"info@uniphar.ie",NULL
"385","University College Cork (UCC)","https://www.ucc.ie/","ucc",NULL,NULL,NULL
"386","University College Dublin (UCD)","https://www.ucd.ie/","ucd",NULL,"communications@ucd.ie",NULL
"387","University of Limerick","https://www.ul.ie/","ul",NULL,"reception@ul.ie",NULL
"388","Utmost International Ireland","https://utmostinternational.com/","utmost",NULL,"CCSFrontoffice@utmost.ie",NULL
"389","Valeo Foods","https://valeofoods.ie/","valeofoods",NULL,"info@valeofoods.com",NULL
"390","Veolia","https://www.veolia.ie/","veolia",NULL,NULL,NULL
"391","Version 1","https://www.version1.com/","versionone",NULL,NULL,NULL
"392","VHI","https://www1.vhi.ie/","vhi",NULL,"info@vhi.ie",NULL
"393","VMware","https://www.vmware.com/","vmware",NULL,NULL,NULL
"394","Vodafone (all legal entities)","https://n.vodafone.ie/en.html","vodafone",NULL,NULL,NULL
"395","Waterford City & County Council","https://www.waterfordcouncil.ie/","waterfordcitycoco",NULL,"contact@waterfordcouncil.ie, website@waterfordcouncil.ie",NULL
"396","Westmeath County Council","https://www.westmeathcoco.ie/","westmeathcoco",NULL,"Secretar@westmeathcoco.ie",NULL
"397","Wexford County Council","https://www.wexfordcoco.ie/","wexfordcoco",NULL,"customerservice@wexfordcoco.ie",NULL
"398","Wicklow County Council","https://www.wicklow.ie/","wicklowcoco",NULL,"CustomerService@wicklowcoco.ie",NULL
"399","William Fry (excluding partners)","https://www.williamfry.com/","williamfry",NULL,"recruit@williamfry.com",NULL
"400","Windsor Motor Group","https://www.windsor.ie/","windsormotorgroup",NULL,NULL,NULL
"401","Workday","https://www.workday.com/","workday",NULL,NULL,NULL
"402","Workhuman","https://www.workhuman.com/","workhuman",NULL,NULL,NULL
"403","WTW (all legal entities)","https://www.wtwco.com/en-ie","wtw",NULL,NULL,NULL
"404","WuXi Biologics","https://www.wuxibiologics.com/","wuxibiologics",NULL,NULL,NULL
"405","Zendesk","https://www.zendesk.com/","zendesk",NULL,NULL,NULL
"406","Zoetis Belgium S.A. (Irish Branch) ","https://www.zoetis.com/","zoetisbelgium",NULL,NULL,NULL
"407","Zurich (3 legal entities)","https://www.zurich.ie/","zurich",NULL,NULL,NULL
"520","Department of Further and Higher Education, Research, Innovation and Science","https://www.gov.ie/en/organisation/department-of-higher-education-innovation-and-science/","deptfurthereducation",NULL,NULL,NULL
"521","Irish Rugby Football Union (IRFU)","https://www.irishrugby.ie/","irfu",NULL,NULL,NULL
"522","Alexion","https://alexion.com/worldwide/Ireland","alexion",NULL,NULL,NULL
"523","Flutter (Retail)","https://www.flutter.com/","flutterretail",NULL,NULL,NULL
"524","Health and Safety Authority (HSA)","https://www.hsa.ie/eng/","hsa",NULL,NULL,NULL
"525","Intel Ireland Limited","https://www.intel.ie/content/www/ie/en/company-overview/intel-in-ireland.html","intel",NULL,NULL,NULL
"526","Intel R&D Ireland Limited","https://www.intel.ie/content/www/ie/en/company-overview/intel-in-ireland.html","intelrnd",NULL,NULL,NULL
"527","Lloyds Pharmacy (part of PHX Ireland)","https://lloydspharmacy.ie/","lloydspharmacy",NULL,NULL,NULL
"528","United Drug (part of PHX Ireland)","https://www.united-drug.com/","uniteddrug",NULL,NULL,NULL
"531","PHX Ireland (a PHOENIX company)","https://www.united-drug.com/blogs/news/new-parent-company-name-phx-ireland-group-limited","phxireland",NULL,NULL,NULL
"532","Uniphar: McCauley Pharmacy","https://www.mccauley.ie/","unipharmccauley",NULL,NULL,NULL
"533","Uniphar: Allcare Pharmacy","https://www.allcarepharmacy.ie/","unipharallcare",NULL,NULL,NULL
"535","Ability West","https://www.abilitywest.ie/","abilitywest",NULL,"ceom@abilitywest.ie",NULL
"536","Aecom","https://aecom.com/ie/","aecom",NULL,NULL,NULL
"537","Analog Devices","https://www.analog.com/en/index.html","analogdevices",NULL,NULL,NULL
"538","Argos","https://www.argos.co.uk/features/republic-of-ireland","argos",NULL,NULL,NULL
"539","Atlantic Technological University (formerly Galway-Mayo Institute of Technology)","https://www.gmit.ie/","atu","Galway-Mayo Institute of Technology",NULL,NULL
"540","Axa Insurance","https://www.axa.ie/","axainsurance",NULL,NULL,NULL
"541","B&Q Ireland","https://www.diy.ie/","bandq",NULL,NULL,NULL
"542","Beacon Hospital","https://www.beaconhospital.ie/","beaconhospital",NULL,NULL,NULL
"543","BOC Gases Ireland","https://www.boconline.ie/en/index.html","bocgases",NULL,NULL,NULL
"544","Bon Secours","https://www.bonsecours.ie/","bonsecours",NULL,"dublininfo@bonsecours.ie",NULL
"545","Boots","https://www.boots.ie/","boots",NULL,NULL,NULL
"546","Boyle Sports","https://www.boylesports.com/","boylesports",NULL,NULL,NULL
"547","Brothers of Charity","https://www.brothersofcharity.ie/","brothersofcharity",NULL,NULL,NULL
"548","Bus Eireann","https://www.buseireann.ie/","buseireann",NULL,NULL,NULL
"549","Cappagh National Orthopaedic Hospital","https://nohc.ie/","cappaghnational",NULL,NULL,NULL
"551","ARYZTA Bakeries Ireland","https://aryzta.ie/","aryztabi",NULL,NULL,NULL
"552","Louth and Meath Education and Training Board","https://www.lmetb.ie/","lmetb",NULL,NULL,NULL
"553","NOVAS","https://www.novas.ie/","novas",NULL,NULL,NULL
"554","Longford and Westmeath Education and Training Board","https://www.lwetb.ie/","lwetb",NULL,NULL,NULL
"555","Aviva Group Services","https://www.aviva.ie/group/","avivagroupservices",NULL,NULL,NULL
"556","Carey Glass","https://www.careyglass.com/","careyglass",NULL,NULL,NULL
"557","Carriglea Cairde Service","http://carrigleaservices.com/","carrigleacairdeservice",NULL,NULL,NULL
"558","Cavan and Monaghan Education and Training Board","https://www.cmetb.ie/","cmetb",NULL,NULL,NULL
"559","Central Remedial Clinic","https://www.crc.ie/","crc",NULL,NULL,NULL
"560","Cheshire Ireland","https://www.cheshire.ie/","cheshireireland",NULL,NULL,NULL
"561","Concentrix","https://jobs.concentrix.com/global/en/country-page-ireland","concentrix",NULL,NULL,NULL
"562","Cope Foundation","https://www.cope-foundation.ie/","copefoundation",NULL,NULL,NULL
"563","Core Media","https://www.onecore.ie/","coremedia",NULL,NULL,NULL
"564","Cork Education and Training Board","https://www.corketb.ie/","cetb",NULL,NULL,NULL
"565","Dawn Meats","https://www.dawnmeats.com/","dawnmeats",NULL,NULL,NULL
"566","DB Schenker","https://www.dbschenker.com/","dbschenker",NULL,NULL,NULL
"567","Dealz","https://www.dealz.ie/","dealz",NULL,NULL,NULL
"568","Designer Group","https://designergrp.com/","designergroup",NULL,NULL,NULL
"569","Diligent","https://www.diligent.com/","diligent",NULL,NULL,NULL
"570","Dornan Engineering","https://www.dornan.ie/","dornanengineering",NULL,NULL,NULL
"571","Ei Electronics","https://www.eielectronics.ie/","eielectronics",NULL,NULL,NULL
"572","Elverys","https://www.elverys.ie/","elverys",NULL,NULL,NULL
"573","Enable Ireland","https://enableireland.ie/","enableireland",NULL,NULL,NULL
"574","EPS Water","https://epswater.ie/","epswater",NULL,NULL,NULL
"575","Ergo Group","https://www.ergogroup.ie/","ergogroup",NULL,NULL,NULL
"576","Essilor","https://www.essilor.com/ie-en/","essilor",NULL,NULL,NULL
"577","Europcar Mobility Group","https://europcar-mobility-group.com/","europcar",NULL,NULL,NULL
"578","Firstsource","https://www.firstsource.com/","firstsource",NULL,NULL,NULL
"579","Galway and Roscommon Education and Training Board","https://gretb.ie/","gretb",NULL,NULL,NULL
"580","Gilead Sciences","https://www.gilead.com/","gileadsciences",NULL,NULL,NULL
"581","Gleneagle Hotel","https://www.gleneaglehotel.com/","gleneaglehotel",NULL,NULL,NULL
"582","Guidewire","https://www.guidewire.com/","guidewire",NULL,NULL,NULL
"583","Henkel","https://www.henkel.com/","henkel",NULL,NULL,NULL
"584","Hertz","https://www.hertz.ie/rentacar/reservation/","hertz",NULL,NULL,NULL
"585","Hollister","https://www.hollister.ie/en-ie","hollister",NULL,NULL,NULL
"586","Home Store + More","https://www.homestoreandmore.ie/homepage.html","homestoremore",NULL,"info@homestoreandmore.ie",NULL
"587","Insomnia","https://www.insomnia.ie","insomnia",NULL,NULL,NULL
"588","Integer Holdings","https://www.integer.net/home/default.aspx","integerholdings",NULL,NULL,NULL
"589","Intercom","https://www.intercom.com/","intercom",NULL,NULL,NULL
"590","JJ Rhatigan","https://www.jjrhatigan.com","jjrhatigan",NULL,NULL,NULL
"591","DePuy Ireland","https://jnj.co.uk/","depuy",NULL,NULL,NULL
"592","Janssen Pharmaceutical Sciences","https://www.janssen.com/ireland/","janssenpharma",NULL,NULL,NULL
"593","Janssen Sciences Ireland","https://www.janssen.com/ireland/","janssensciences",NULL,NULL,NULL
"594","Johnson & Johnson Vision Care","https://jnjvisionpro.co.uk/","jnjvisioncare",NULL,NULL,NULL
"595","Johnson Controls: Silent-Aire","https://www.silent-aire.com/","silentaire",NULL,NULL,NULL
"596","Johnson Controls: Tyco","https://www.tyco.com/","tyco",NULL,NULL,NULL
"597","Kepak Athleague","https://www.kepak.com/","kepakathleague",NULL,NULL,NULL
"598","Kepak Clonee","https://www.kepak.com/","kepakclonee",NULL,NULL,NULL
"599","Kepak Cork","https://www.kepak.com/","kepakcork",NULL,NULL,NULL
"600","Kepak Convenience Foods","https://www.kepak.com/","kepakconvenience",NULL,NULL,NULL
"601","Kepak Longford","https://www.kepak.com/","kepaklongford",NULL,NULL,NULL
"602","Kepak McCarren Meats","https://www.kepak.com/","mccarrenmeats",NULL,NULL,NULL
"603","Kerry Education and Training Board","https://www.kerryetb.ie/","kerryetb",NULL,NULL,NULL
"604","Kildare and Wicklow Education and Training Board","https://kildarewicklow.etb.ie/","kwetb",NULL,NULL,NULL
"605","Kilkenny and Carlow Education and Training Board","https://kcetb.ie/","kcetb",NULL,NULL,NULL
"606","Laois and Offaly Education and Training Board","https://www.loetb.ie","loetb",NULL,NULL,NULL
"607","Limerick and Clare Education and Training Board","https://lcetb.ie","lcetb",NULL,NULL,NULL
"608","Mayo, Sligo & Leitrim Education and Training Board","https://msletb.ie/","msletb",NULL,NULL,NULL
"609","Tipperary Education and Training Board","https://tipperary.etb.ie","tippetb",NULL,NULL,NULL
"610","Waterford and Wexford Education and Training Board","https://www.wwetb.ie/","wwetb",NULL,NULL,NULL
"611","Kilkenny Design","https://kilkennydesign.com/","kilkennydesign",NULL,"info@kilkennydesign.com",NULL
"612","Kostal","https://www.kostal.com/en-gb/","kostal",NULL,"info@kostal.com",NULL
"613","Lifestyle Sports","https://www.lifestylesports.com/ie/","lifestylesports",NULL,NULL,NULL
"615","Liffey Meats","https://liffeymeats.ie/","liffeymeats",NULL,NULL,NULL
"616","LotusWorks","https://lotusworks.com/en-ie/","lotusworks",NULL,NULL,NULL
"617","Manpower","https://www.manpower.ie/","manpower",NULL,"info@manpower.ie",NULL
"618","Mazars","https://www.mazars.ie/","mazars",NULL,"mazars@mazars.ie",NULL
"619","Mercer","https://www.mercer.com/en-ie/","mercer",NULL,NULL,NULL
"620","Microchip Technology","https://www.microchip.com/","microchiptechnology",NULL,"pr@microchip.com",NULL
"621","Monaghan Mushrooms","https://www.monaghan.eu/","monaghanmushrooms",NULL,NULL,NULL
"622","Drimbawn Mushrooms","https://www.monaghan.eu/","drimbawnmushrooms",NULL,NULL,NULL
"623","Mondelez International","https://www.mondelezinternational.com/ireland/","mondelez",NULL,NULL,NULL
"624","Muiriosa Foundation","https://www.muiriosa.ie/","muiriosafoundation",NULL,NULL,NULL
"625","National Maternity Hospital","https://www.nmh.ie/","nationalmaternityhospital",NULL,NULL,NULL
"626","National Pen Company","https://www.pens.com/ie/","nationalpencompany",NULL,NULL,NULL
"627","Nature's Best","https://www.naturesbest.ie/","naturesbest",NULL,NULL,NULL
"628","Next","https://www.next.ie/en","next",NULL,NULL,NULL
"629","O'Briens Wine","https://www.obrienswine.ie/","obrienswine",NULL,"online@obrienswine.ie",NULL
"630","Oracle","https://www.oracle.com/ie/","oracle",NULL,NULL,NULL
"631","Pepsico","https://www.pepsico.com/","pepsico",NULL,NULL,NULL
"632","Pepsico: Portfolio Concentrate Solutions","https://www.pepsico.com/","pepsicopcs",NULL,NULL,NULL
"633","PFH Technology Group","https://www.pfh.ie/","pfh",NULL,NULL,NULL
"634","Pinewood Healthcare","https://pinewood.ie/","pinewoodhealthcare",NULL,NULL,NULL
"635","Pobal","https://www.pobal.ie/","pobal",NULL,NULL,NULL
"636","Red Hat","https://www.redhat.com/en","redhat",NULL,NULL,NULL
"637","Rotunda Hospital","https://rotunda.ie/","rotundahospital",NULL,NULL,NULL
"638","Saint John of God Community Services","https://sjogcommunityservices.ie/","sjogcommunityservices",NULL,NULL,NULL
"639","St John of God Hospital","https://stjohnofgodhospital.ie/","sjoghospital",NULL,NULL,NULL
"640","Servier","https://servier.ie/","servier",NULL,NULL,NULL
"641","SK biotek","https://www.skbiotek.com/","skbiotek",NULL,"ireland@skbiotek.ie",NULL
"642","SSP Ireland","https://www.foodtravelexperts.com/","sspireland",NULL,NULL,NULL
"643","St Michael's House","https://www.smh.ie","stmichaelshouse",NULL,NULL,NULL
"644","St Patrick's Mental Health Services","https://www.stpatricks.ie/","stpatsmentalhealth",NULL,NULL,NULL
"645","St Vincent's Private Hospital","https://svph.ie/","stvincentsprivate",NULL,NULL,NULL
"646","St John's Hospital Limerick","https://www.stjohnshospital.ie/","stjohnslimerick",NULL,"info@stjohnshospital.ie",NULL
"647","Standard Life","https://www.standardlife.ie/","standardlife",NULL,NULL,NULL
"648","Standard Life Assets & Employee Services","https://www.standardlife.ie/","standardlifeassets","Phoenix Group Management Services PGMS",NULL,NULL
"649","State Street","https://www.statestreet.com/","statestreet",NULL,NULL,NULL
"650","STL Logistics","https://stllogistics.ie/","stllogistics",NULL,"denis.hoctor@stllogistics.ie",NULL
"651","Suir Engineering","https://suireng.ie/","suirengineering",NULL,NULL,NULL
"652","Sulzer Pumps","https://www.sulzer.com/","sulzerpumps",NULL,NULL,NULL
"653","SIG Susquehanna International Group","https://sig.com/","sig",NULL,NULL,NULL
"654","Teleflex","https://www.teleflex.com/","teleflex",NULL,NULL,NULL
"655","TELUS International","https://www.telusinternational.com/","telusinternational",NULL,NULL,NULL
"656","Teva Pharmaceuticals","https://www.teva.ie/","tevapharmaceuticals",NULL,NULL,NULL
"657","ThermoFisher Scientific","https://jobs.thermofisher.com/global/en/ireland","thermofisher",NULL,NULL,NULL
"658","PPD Development","https://www.ppd.com/","ppddevelopment",NULL,NULL,NULL
"659","Three Ireland","https://www.three.ie/","threeireland",NULL,NULL,NULL
"660","Trane Technologies","https://www.tranetechnologies.com/","tranetechnologies",NULL,NULL,NULL
"661","Ulster Bank","https://www.ulsterbank.ie/","ulsterbank",NULL,NULL,NULL
"662","University of Galway","https://www.universityofgalway.ie/","universityofgalway",NULL,NULL,NULL
"663","Viatris: McDermott Laboratories","https://www.viatris.ie/","mcdermottlaboratories",NULL,NULL,NULL
"664","Viatris: Rottapharm Limited","https://www.viatris.ie/","rottapharm",NULL,NULL,NULL
"665","Viatris: Mylan Teoranta","https://www.viatris.ie/","mylanteoranta",NULL,NULL,NULL
"666","Virgin Media","https://www.virginmedia.ie/","virginmedia",NULL,NULL,NULL
"667","Walls Construction","https://walls.ie/","wallsconstruction",NULL,NULL,NULL
"668","Yahoo","https://www.yahoo.com/","yahoo",NULL,NULL,NULL
"669","AerNav","https://www.airnav.ie/","aernav",NULL,NULL,NULL
"670","Viatris: Upjohn Manufacturing","https://www.viatris.ie/","upjohnmanufacturing",NULL,NULL,NULL
"671","Viatris: Mylan Healthcare","https://www.viatris.ie/","mylanhealthcare",NULL,NULL,NULL
"672","Royal College of Surgeons Ireland (RCSI)","https://www.rcsi.com/dublin/","rcsi",NULL,NULL,NULL
"673","Pinterest","https://www.pinterest.com/","pinterest",NULL,NULL,NULL
"674","TLI Group","https://www.tli.ie/","tligroup",NULL,NULL,NULL
"675","Sustainable Energy Authority of Ireland (SEAI)","https://www.seai.ie/","seai",NULL,NULL,NULL
"676","Flogas","https://www.flogas.ie/","flogas",NULL,NULL,NULL
"677","Energia","https://www.energia.ie/home","energia",NULL,NULL,NULL
"678","Woodies","https://www.woodies.ie/","woodies",NULL,NULL,NULL
"679","Eddie Rocket's","https://www.eddierockets.ie/","eddierockets",NULL,"info@eddierockets.ie",NULL
"680","New Look","https://www.newlookgroup.com/","newlook",NULL,NULL,NULL
"682","Lufthansa Technik Turbine Shannon","https://www.ltts.ie/","lufthansatechnikturbineshannon",NULL,NULL,NULL
"683","Pettitt's SuperValu","https://pettitts.ie/","pettittssupervalu",NULL,NULL,NULL
"684","City of Dublin Education and Training Board","https://www.cityofdublinetb.ie/","cityofdublinetb",NULL,NULL,NULL
"685","Entain","https://www.entaingroup.com/","entain",NULL,NULL,NULL
"686","Circet","https://www.circet.ie/","circet",NULL,"recruitment@kncircet.ie",NULL
"687","Beauparc Panda Waste","https://beauparc.ie/","beauparcpandawaste",NULL,"contact@beauparc.ie",NULL
"688","Capita","https://www.capita.com/","capita",NULL,NULL,NULL
"689","Harvey Norman","https://www.harveynorman.ie/","harveynorman",NULL,"jobs@ie.harveynorman.com",NULL
"690","Keelings Logistics","https://www.keelings.com/","keelingslogistics",NULL,NULL,NULL
"691","Keelings Farms","https://www.keelings.com/","keelingsfarms",NULL,NULL,NULL
"692","Keelings Retail","https://www.keelings.com/","keelingsretail",NULL,NULL,NULL
"693","LinkedIn","https://www.linkedin.com/feed/","linkedin",NULL,NULL,NULL
"694","Dromoland Castle","https://www.dromoland.ie/","dromolandcastle",NULL,NULL,NULL
"695","Chanelle Pharma","https://chanellepharma.com/","chanellepharma",NULL,NULL,NULL
"696","Dominos","https://www.dominos.ie/","dominos",NULL,NULL,NULL
"697","Adare Manor","https://www.adaremanor.com/","adaremanor",NULL,"info@adaremanor.com",NULL
"698","The K Club","https://www.kclub.ie/","thekclub",NULL,"reservations@kclub.ie",NULL
"699","Mount Juliet Estate","https://www.mountjuliet.ie/","mountjulietestate",NULL,NULL,NULL
"700","InterContinental Hotel","https://www.ihg.com/intercontinental/hotels/us/en/dublin/dblic/hoteldetail","intercontinentalhotel",NULL,"info@icdublin.com",NULL
"701","The Galmont Hotel","https://www.thegalmont.com/en/","thegalmonthotel",NULL,"reservations@thegalmont.com",NULL
"702","Powerscourt Hotel","https://www.powerscourthotel.com/","powerscourthotel",NULL,"marketing@powerscourthotel.com",NULL
"703","Castleknock Hotel","https://www.castleknockhotel.com/","castleknockhotel",NULL,NULL,NULL
"704","Dole Ireland","https://doleireland.com/","doleireland",NULL,NULL,NULL
"705","Castlemartyr Resort","https://www.castlemartyrresort.ie/","castlemartyrresort",NULL,NULL,NULL
"706","RelateCare","https://relatecare.com/","relatecare",NULL,NULL,NULL
"707","Rigneydolphin","https://rigneydolphin.ie/","rigneydolphin",NULL,"info@rigneydolphin.ie",NULL
"708","Dublin City University","https://www.dcu.ie/","dublincityuniversity",NULL,NULL,NULL
"709","AtkinsRéalis","https://www.atkinsrealis.com/","atkinsrealis",NULL,"info.ie@atkinsglobal.com",NULL
"710","LetsGetChecked","https://www.letsgetchecked.ie/","letsgetchecked",NULL,"press@letsgetchecked.com",NULL
"711","Leonardo Hotels","https://www.leonardo-hotels.com/republic-of-ireland","leonardohotels",NULL,NULL,NULL
"712","Rochestown Park Hotel","https://www.rochestownpark.com/","rochestownparkhotel",NULL,NULL,NULL
"713","Slieve Russell Hotel","https://www.slieverussell.ie/","slieverussellhotel",NULL,NULL,NULL
"714","Carton House","https://www.cartonhouse.com/","cartonhouse",NULL,NULL,NULL
"715","UPMC Ireland (all entities)","https://upmc.ie/","upmcireland",NULL,NULL,NULL
"716","UPMC Whitfield Hospital","https://upmc.ie","upmcwhitfieldhospital",NULL,NULL,NULL
"717","UPMC Aut Even Hospital","https://upmc.ie","upmcautevenhospital",NULL,NULL,NULL
"718","UPMC Kildare Hospital","https://upmc.ie","upmckildarehospital",NULL,NULL,NULL
"719","Mitie","https://mitie.ie/","mitie",NULL,NULL,NULL
"720","Pieta","https://www.pieta.ie","pieta",NULL,"info@pieta.ie,comms@pieta.ie",NULL
"721","PVH Ireland","https://www.pvh.com/","pvhireland",NULL,"Careers@pvh.com",NULL
"722","Tallaght University Hospital","https://www.tuh.ie/","tallaghtuniversityhospital",NULL,NULL,NULL
"723","Beaumont Hospital","http://www.beaumont.ie/","beaumonthospital",NULL,NULL,NULL
"724","Donegal Education and Training Board","https://www.donegaletb.ie/","donegaletb",NULL,NULL,NULL
"725","DPD","https://www.dpd.ie/","dpd",NULL,"customerservices@dpd.ie",NULL
"726","FMI","https://fmi.ie/","fmi",NULL,NULL,NULL
"727","Flextronics International","https://flex.com/","flextronicsinternational",NULL,NULL,NULL
"728","Xilinx (AMD)","https://www.amd.com/en.html","xilinx",NULL,NULL,NULL
"729","National Rehabilitation Hospital","https://www.nrh.ie/","nationalrehabilitationhospital",NULL,NULL,NULL
"730","Winthrop Technologies","https://winthrop.ie/","winthroptechnologies",NULL,"info@winthrop.ie",NULL
"731","Verizon Connect","https://www.verizonconnect.com/ie/","verizonconnect",NULL,NULL,NULL
"732","The Barry Group","https://barrygroup.ie/reports-and-publications/","barrygroup",NULL,"info@barrys.ie",NULL
"733","Mater Misericordiae University Hospital","https://www.mater.ie/","materhospital",NULL,"info@mater.ie",NULL
"734","Stafford Bakeries","https://www.staffordbakeries.ie/","staffordbakeries",NULL,NULL,NULL
"735","MOWI","https://mowi.com/ie/","mowi",NULL,NULL,NULL
"736","Odeon","https://www.odeoncinemasgroup.com/","odeon",NULL,NULL,NULL
"737","UPS Ireland","https://www.ups.com/","upsireland",NULL,NULL,NULL
"738","UPS CSTC","https://www.ups.com/","upscstc",NULL,NULL,NULL
"739","Marine Institute","https://www.marine.ie/","marineinstitute",NULL,NULL,NULL
"740","Liberty IT","https://www.liberty-it.co.uk/","libertyit",NULL,"careers@liberty-it.co.uk",NULL
"741","Liberty Claims Handling and Imaging","https://www.liberty-it.co.uk/","libertyclaimshandlingandimaging",NULL,NULL,NULL
"742","KSG Catering","https://www.ksg.ie/","ksgcatering",NULL,"info@ksg.ie",NULL
"743","Vertiv (formerly E+I Engineering)","https://www.vertiv.com/","vertiv","E+I Engineering",NULL,NULL
"744","PCI Pharma Services","https://pci.com/","pcipharmaservices",NULL,NULL,NULL
"745","O'Brien Fine Foods","https://obrienfinefoods.ie/","obrienfinefoods",NULL,NULL,NULL
"746","Certa Ireland","https://certaireland.ie/","certaireland",NULL,"info@certaireland.ie",NULL
"747","Aptiv","https://www.aptiv.com/","aptiv",NULL,"Venishree.Mayer@aptiv.com, Adriana.Clemens@aptiv.com",NULL
"748","Optum Ireland","https://www.optum.ie/","optumireland",NULL,NULL,NULL
"749","Mr. Price","https://www.mrprice.ie/","mrprice",NULL,NULL,NULL
"750","Farnham Estate","https://www.farnhamestate.ie/","farnhamestate",NULL,NULL,NULL
"751","ITX Retail Ireland",,"itxretailireland",NULL,NULL,NULL
